ID,income,debt_to_income,customer_credit,other_debts,age,education,work_experience,time_of_residency,customer_badge
1.000000,158.066829,9.300000,7.905144,5.008608,60.949010,3,17.000000,12.000000,"Premium"
2.000000,31.000000,17.300000,1.362202,4.000798,27.000000,1,10.000000,6.000000,"Normal"
3.000000,39.800000,5.500000,0.856075,2.168925,40.000000,1,15.000000,7.000000,"Normal"
4.000000,120.000000,2.900000,2.658720,3.441508,41.000000,2,15.000000,14.000000,"Premium"
5.000000,28.000000,17.300000,1.787436,3.056564,24.000000,2,2.000000,0.000000,"Normal"
6.000000,25.000000,10.200000,0.392700,2.157300,41.000000,2,5.000000,5.000000,"Normal"
7.000000,89.000000,30.600000,3.833874,12.310327,39.000000,1,20.000000,9.000000,"Premium"
8.000000,38.000000,3.600000,0.128592,1.239408,33.781965,1,12.000000,11.000000,"Normal"
9.000000,19.000000,24.400000,1.358348,3.277652,24.000000,1,3.000000,4.000000,"Normal"
10.000000,25.000000,19.700000,2.777700,2.147300,36.000000,1,0.000000,13.000000,"Normal"
11.000000,16.000000,1.700000,0.182512,0.089488,60.949010,1,0.000000,1.000000,"Normal"
12.000000,23.000000,5.200000,0.252356,3.441508,25.000000,1,4.000000,0.000000,"Normal"
13.000000,64.000000,10.000000,3.929600,2.470400,52.000000,1,24.000000,14.000000,"Premium"
14.000000,29.000000,16.300000,1.715901,3.011099,37.000000,1,6.000000,9.000000,"Normal"
15.000000,100.000000,9.100000,3.703700,5.396300,48.000000,1,22.000000,15.000000,"Premium"
16.000000,49.000000,8.600000,0.817516,3.396484,36.000000,2,9.000000,6.000000,"Normal"
17.000000,41.000000,16.400000,2.918216,3.805784,36.000000,2,13.000000,6.000000,"Premium"
18.000000,72.000000,7.600000,1.181952,4.290048,43.000000,1,23.000000,19.000000,"Premium"
19.000000,61.000000,5.700000,0.563274,2.913726,39.000000,1,6.000000,9.000000,"Normal"
20.000000,26.000000,1.700000,0.099008,0.342992,36.835085,2,0.000000,21.000000,"Normal"
21.000000,52.000000,3.200000,1.154816,0.509184,39.000000,1,22.000000,3.000000,"Normal"
22.000000,43.000000,5.600000,0.587552,1.820448,47.000000,1,17.000000,21.000000,"Premium"
23.000000,26.000000,10.000000,0.431600,2.168400,28.000000,1,3.000000,6.000000,"Normal"
24.000000,27.000000,9.800000,0.402192,2.243808,29.000000,1,8.000000,6.000000,"Normal"
25.000000,16.000000,18.000000,0.241920,2.638080,21.000000,1,1.000000,2.000000,"Normal"
26.000000,27.500000,17.600000,2.140160,3.491840,25.000000,4,0.000000,2.000000,"Normal"
27.000000,69.000000,6.700000,0.707319,3.441508,45.000000,2,9.000000,26.000000,"Premium"
28.000000,64.000000,16.700000,0.951232,3.441508,43.000000,1,25.000000,21.000000,"Premium"
29.000000,58.000000,18.400000,3.084208,7.587792,33.000000,2,12.000000,8.000000,"Premium"
30.000000,37.000000,14.200000,0.204906,5.049094,26.000000,3,2.000000,1.000000,"Normal"
31.000000,20.000000,2.100000,0.105000,0.315000,45.000000,1,3.000000,15.000000,"Normal"
32.000000,22.000000,10.500000,1.138830,1.171170,30.000000,1,1.000000,10.000000,"Normal"
33.000000,26.000000,6.000000,0.722280,0.837720,27.000000,3,2.000000,7.000000,"Normal"
34.000000,27.000000,14.400000,1.018656,2.869344,25.000000,1,8.000000,4.000000,"Normal"
35.000000,35.000000,2.900000,0.077140,0.937860,25.000000,1,8.000000,1.000000,"Normal"
36.000000,45.000000,26.000000,6.048900,5.651100,26.000000,2,6.000000,7.000000,"Premium"
37.000000,22.000000,16.100000,1.409716,2.132284,30.000000,2,10.000000,4.000000,"Normal"
38.000000,27.500000,14.400000,3.195936,4.580064,32.000000,2,12.000000,1.000000,"Premium"
39.000000,24.000000,17.100000,1.337904,2.766096,28.000000,2,1.000000,8.000000,"Normal"
40.000000,50.000000,4.200000,0.558600,1.541400,45.000000,1,23.000000,5.000000,"Normal"
41.000000,31.000000,6.600000,0.337590,1.708410,23.000000,1,7.000000,2.000000,"Normal"
42.000000,59.000000,8.000000,1.807760,2.912240,34.000000,1,17.000000,3.000000,"Normal"
43.000000,41.000000,4.600000,0.941114,0.944886,42.000000,2,7.000000,23.000000,"Premium"
44.000000,48.000000,13.100000,1.930416,4.357584,39.000000,1,19.000000,5.000000,"Premium"
45.000000,14.000000,7.500000,0.302400,0.747600,26.000000,1,0.000000,0.000000,"Normal"
46.000000,16.000000,6.800000,0.150144,3.441508,21.000000,2,0.000000,1.000000,"Normal"
47.000000,35.000000,4.500000,0.431550,3.441508,35.000000,1,13.000000,15.000000,"Normal"
48.000000,26.000000,10.400000,0.121680,3.441508,47.000000,1,4.000000,2.000000,"Normal"
49.000000,21.000000,11.400000,0.775656,1.618344,23.000000,2,0.000000,2.000000,"Normal"
50.000000,42.000000,7.400000,0.205128,2.902872,35.000000,1,18.000000,2.000000,"Normal"
51.000000,25.000000,12.600000,0.573300,2.576700,34.000000,1,2.000000,11.000000,"Normal"
52.000000,20.000000,14.000000,0.809200,1.990800,46.000000,1,1.000000,12.000000,"Normal"
53.000000,52.000000,12.900000,3.032016,3.675984,46.000000,1,16.000000,18.000000,"Premium"
54.000000,25.000000,3.700000,0.311725,0.613275,38.000000,4,3.000000,18.000000,"Normal"
55.000000,28.000000,9.500000,0.553280,2.106720,40.000000,2,3.000000,2.000000,"Normal"
56.000000,24.000000,15.100000,1.801128,1.822872,37.000000,1,1.000000,3.000000,"Normal"
57.000000,34.000000,5.000000,0.397800,1.302200,35.000000,1,9.000000,1.000000,"Normal"
58.000000,69.000000,2.400000,1.061496,0.594504,37.726726,2,16.000000,13.000000,"Premium"
59.000000,100.000000,2.500000,1.485000,1.015000,40.000000,3,18.000000,6.000000,"Premium"
60.000000,80.000000,12.200000,2.479040,7.280960,50.000000,3,10.000000,20.000000,"Premium"
61.000000,28.000000,2.400000,0.047712,0.624288,31.000000,1,9.000000,10.000000,"Normal"
62.000000,42.000000,7.400000,1.457652,1.650348,29.000000,1,13.000000,1.000000,"Normal"
63.000000,23.000000,12.400000,0.869860,1.982140,37.000000,1,4.000000,0.000000,"Normal"
64.000000,55.000000,7.000000,2.159850,1.690150,33.000000,2,4.000000,9.000000,"Normal"
65.000000,28.000000,7.800000,1.024296,1.159704,30.879243,2,5.000000,7.000000,"Normal"
66.000000,89.000000,23.300000,7.758900,9.716100,32.000000,2,11.000000,6.000000,"Premium"
67.000000,23.000000,6.400000,0.186944,1.285056,28.000000,2,2.000000,3.000000,"Normal"
68.000000,46.000000,9.100000,2.515786,1.670214,39.000000,1,19.000000,8.000000,"Normal"
69.000000,31.000000,8.200000,1.492154,1.049846,28.000000,2,8.000000,3.000000,"Normal"
70.000000,20.000000,18.600000,0.569160,3.150840,29.000000,1,1.000000,2.000000,"Normal"
71.000000,21.000000,23.100000,1.401939,3.441508,34.000000,2,3.000000,8.000000,"Normal"
72.000000,34.000000,23.800000,3.099236,3.441508,28.000000,2,5.000000,9.000000,"Premium"
73.000000,100.000000,12.800000,4.582400,3.441508,47.000000,1,26.000000,21.000000,"Premium"
74.000000,27.500000,10.600000,1.518556,1.237444,43.000000,3,1.000000,5.000000,"Normal"
75.000000,44.000000,1.700000,0.071060,0.676940,41.000000,1,13.000000,10.000000,"Normal"
76.000000,51.000000,23.800000,3.738504,8.399496,47.000000,1,13.000000,25.000000,"Premium"
77.000000,21.000000,0.600000,0.025074,0.100926,24.000000,1,2.000000,1.000000,"Normal"
78.000000,17.000000,6.700000,0.157182,0.981818,29.000000,1,1.000000,9.000000,"Normal"
79.000000,37.000000,2.600000,0.199134,0.762866,33.000000,1,14.000000,2.000000,"Normal"
80.000000,39.000000,3.200000,0.686400,0.561600,36.000000,1,15.000000,10.000000,"Normal"
81.000000,27.000000,10.500000,2.472120,0.362880,26.000000,1,4.000000,3.000000,"Normal"
82.000000,45.000000,17.000000,2.738700,4.911300,31.000000,1,11.000000,12.000000,"Premium"
83.000000,32.000000,19.600000,2.696960,3.575040,37.000000,1,7.000000,3.000000,"Normal"
84.000000,29.000000,11.000000,1.843820,1.346180,35.000000,4,4.000000,16.000000,"Normal"
85.000000,20.000000,5.400000,0.318600,0.761400,26.000000,1,4.000000,3.000000,"Normal"
86.000000,45.000000,18.800000,2.013480,6.446520,40.000000,1,10.000000,15.000000,"Premium"
87.000000,36.000000,12.400000,3.490848,0.973152,29.000000,2,5.000000,4.000000,"Normal"
88.000000,29.000000,24.600000,1.405398,5.728602,37.000000,3,5.000000,17.000000,"Premium"
89.000000,28.000000,2.900000,0.116116,0.695884,32.000000,1,12.000000,12.000000,"Normal"
90.000000,17.000000,27.700000,2.043706,2.665294,23.000000,2,0.000000,1.000000,"Normal"
91.000000,23.000000,6.200000,0.052762,1.373238,32.000000,1,3.000000,10.000000,"Normal"
92.000000,15.000000,11.400000,0.371070,1.338930,25.000000,1,1.000000,6.000000,"Normal"
93.000000,54.000000,10.600000,1.499688,4.224312,38.000000,1,5.000000,5.000000,"Normal"
94.000000,18.000000,5.800000,0.296496,0.747504,32.000000,2,0.000000,6.000000,"Normal"
95.000000,15.000000,26.300000,1.960665,3.441508,41.000000,3,2.000000,0.000000,"Normal"
96.000000,44.000000,4.400000,0.727056,1.648944,36.000000,1,17.000000,6.000000,"Normal"
97.000000,82.000000,3.300000,1.315116,1.390884,42.000000,1,13.000000,0.000000,"Normal"
98.000000,52.000000,7.300000,0.926224,2.869776,41.000000,1,14.000000,8.000000,"Normal"
99.000000,19.000000,6.300000,0.681093,0.515907,29.000000,2,4.000000,9.000000,"Normal"
100.000000,31.000000,9.300000,1.331946,1.551054,38.000000,3,4.000000,6.000000,"Normal"
101.000000,113.000000,2.600000,0.987168,1.950832,39.000000,1,22.000000,9.000000,"Premium"
102.000000,26.000000,8.300000,0.030212,2.127788,36.000000,1,6.000000,9.000000,"Normal"
103.000000,27.000000,5.800000,0.776736,0.789264,33.000000,1,8.000000,7.000000,"Normal"
104.000000,121.000000,3.100000,1.365364,2.385636,42.000000,2,21.000000,11.000000,"Premium"
105.000000,75.000000,23.600000,7.905144,7.823400,41.000000,2,22.000000,17.000000,"Premium"
106.000000,28.000000,3.600000,0.534240,0.473760,40.000000,1,8.000000,17.000000,"Normal"
107.000000,50.000000,11.200000,2.016000,3.584000,53.000000,1,9.000000,18.000000,"Premium"
108.000000,26.000000,13.500000,1.295190,2.214810,28.000000,1,4.000000,7.000000,"Normal"
109.000000,60.000000,7.900000,1.720620,3.019380,36.000000,2,12.000000,13.000000,"Premium"
110.000000,45.000000,10.100000,1.118070,3.426930,34.000000,2,9.000000,13.000000,"Premium"
111.000000,39.000000,4.900000,0.458640,1.452360,45.000000,3,2.000000,5.000000,"Normal"
112.000000,41.000000,8.900000,0.266377,3.382623,38.000000,1,6.000000,0.000000,"Normal"
113.000000,24.000000,7.700000,0.833448,1.014552,21.000000,3,0.000000,2.000000,"Normal"
114.000000,51.000000,21.400000,2.411994,8.502006,42.000000,1,12.000000,11.000000,"Premium"
115.000000,64.000000,8.600000,1.865856,3.638144,45.081547,1,16.000000,25.000000,"Premium"
116.000000,33.000000,5.200000,0.552552,1.163448,25.000000,2,4.000000,6.000000,"Normal"
117.000000,65.000000,6.200000,2.107690,1.922310,34.000000,2,9.000000,9.000000,"Premium"
118.000000,73.000000,3.400000,1.032512,1.449488,40.000000,2,15.000000,16.000000,"Premium"
119.000000,27.000000,12.800000,1.088640,2.367360,31.000000,2,0.000000,4.000000,"Normal"
120.000000,20.000000,6.700000,0.471680,0.868320,25.000000,1,1.000000,0.000000,"Normal"
121.000000,37.000000,9.500000,1.342730,2.172270,45.000000,1,12.000000,19.000000,"Normal"
122.000000,19.000000,8.400000,0.279300,1.316700,23.000000,1,3.000000,0.000000,"Normal"
123.000000,27.000000,30.742272,1.982448,7.548552,34.000000,4,6.000000,3.000000,"Premium"
124.000000,22.000000,12.700000,1.092454,1.701546,31.000000,1,2.000000,4.000000,"Normal"
125.000000,22.000000,2.800000,0.140448,0.475552,28.000000,1,5.000000,9.000000,"Normal"
126.000000,43.000000,4.400000,0.694364,1.197636,41.000000,1,7.000000,11.000000,"Normal"
127.000000,68.000000,13.000000,1.016600,7.823400,39.000000,2,7.000000,2.000000,"Premium"
128.000000,36.000000,1.400000,0.127008,3.441508,29.000000,2,9.000000,3.000000,"Normal"
129.000000,25.000000,9.000000,0.366750,1.883250,21.000000,1,5.000000,1.000000,"Normal"
130.000000,68.000000,5.800000,1.506608,3.441508,41.000000,2,19.000000,2.000000,"Premium"
131.000000,27.000000,2.900000,0.311634,0.471366,26.000000,4,1.000000,7.000000,"Normal"
132.000000,18.000000,12.900000,0.984528,1.337472,33.000000,1,5.000000,10.000000,"Normal"
133.000000,35.000000,17.400000,0.548100,5.541900,45.000000,2,18.000000,19.000000,"Premium"
134.000000,60.000000,13.700000,2.449560,5.770440,39.000000,1,17.000000,20.000000,"Premium"
135.000000,21.000000,6.300000,0.519939,0.803061,24.000000,1,7.000000,2.000000,"Normal"
136.000000,57.000000,2.200000,0.452694,3.441508,29.000000,2,6.000000,7.000000,"Normal"
137.000000,23.000000,12.400000,0.285200,2.566800,27.000000,2,1.000000,0.000000,"Normal"
138.000000,28.000000,5.900000,0.964768,0.687232,40.000000,2,13.000000,2.000000,"Normal"
139.000000,25.500000,6.700000,0.469536,1.138464,29.000000,1,8.000000,10.000000,"Normal"
140.000000,37.000000,6.600000,1.159950,1.282050,34.186073,2,4.000000,3.000000,"Normal"
141.000000,16.000000,16.000000,1.008640,1.551360,24.000000,1,0.000000,2.000000,"Normal"
142.000000,45.000000,17.800000,2.851560,5.158440,27.000000,1,9.000000,6.000000,"Normal"
143.000000,135.000000,4.400000,1.277100,4.662900,41.000000,3,16.000000,22.000000,"Premium"
144.000000,25.000000,9.100000,0.141050,2.133950,31.000000,1,11.000000,8.000000,"Normal"
145.000000,68.000000,5.400000,0.447984,3.224016,41.000000,1,16.000000,17.000000,"Premium"
146.000000,41.000000,3.400000,0.355470,1.038530,42.000000,2,5.000000,3.000000,"Normal"
147.000000,26.000000,12.400000,0.377208,2.846792,28.000000,4,1.000000,3.000000,"Normal"
148.000000,25.000000,10.000000,1.770000,0.730000,30.000000,4,2.000000,8.000000,"Normal"
149.000000,33.000000,8.400000,0.681912,2.090088,30.000000,1,11.000000,1.000000,"Normal"
150.000000,44.000000,8.000000,1.721280,1.798720,31.000000,1,8.000000,4.000000,"Normal"
151.000000,51.000000,18.100000,1.550808,7.680192,45.000000,2,15.000000,14.000000,"Premium"
152.000000,76.000000,6.100000,2.151104,2.484896,43.000000,1,13.000000,23.000000,"Premium"
153.000000,23.000000,16.300000,1.327146,2.421854,36.000000,1,4.000000,10.000000,"Normal"
154.000000,30.000000,7.200000,0.613440,1.546560,28.000000,1,8.000000,6.000000,"Normal"
155.000000,33.000000,13.200000,1.633500,2.722500,27.000000,2,3.000000,5.000000,"Normal"
156.000000,39.000000,19.200000,2.800512,3.441508,36.000000,3,13.000000,3.000000,"Premium"
157.000000,32.000000,11.300000,2.104512,1.511488,33.000000,1,12.000000,11.000000,"Normal"
158.000000,28.000000,14.800000,1.558144,2.585856,54.000000,1,9.000000,2.000000,"Normal"
159.000000,27.500000,13.800000,1.348674,2.653326,33.000000,1,9.000000,4.000000,"Normal"
160.000000,26.000000,4.500000,0.310050,0.859950,31.000000,1,9.000000,5.000000,"Normal"
161.000000,26.000000,8.900000,1.420796,0.893204,21.000000,1,4.000000,0.000000,"Normal"
162.000000,44.000000,8.700000,0.773256,3.054744,28.000000,3,5.000000,9.000000,"Normal"
163.000000,26.000000,6.800000,0.282880,1.485120,31.000000,2,2.000000,1.000000,"Normal"
164.000000,26.000000,4.100000,0.326196,0.739804,32.000000,1,8.000000,6.000000,"Normal"
165.000000,24.000000,12.500000,0.591000,2.409000,35.000000,2,1.000000,8.000000,"Normal"
166.000000,102.000000,18.900000,6.226794,3.441508,40.000000,2,13.000000,11.000000,"Premium"
167.000000,24.000000,15.600000,1.636128,2.107872,22.000000,1,4.000000,2.000000,"Normal"
168.000000,38.000000,6.500000,1.178190,1.291810,39.000000,1,4.000000,9.000000,"Normal"
169.000000,44.000000,1.700000,0.353056,0.394944,41.000000,4,14.000000,3.000000,"Normal"
170.000000,79.000000,4.000000,1.734840,1.425160,34.000000,1,16.000000,9.000000,"Normal"
171.000000,22.000000,9.700000,0.550572,1.583428,29.000000,1,7.000000,9.000000,"Normal"
172.000000,28.000000,11.300000,0.291088,2.872912,31.000000,1,4.000000,10.000000,"Normal"
173.000000,20.000000,4.800000,0.314880,0.645120,32.000000,1,1.000000,0.000000,"Normal"
174.000000,73.000000,8.800000,3.751616,2.672384,40.148061,1,14.000000,7.000000,"Premium"
175.000000,21.000000,7.500000,0.567000,1.008000,33.000000,1,6.000000,14.000000,"Normal"
176.000000,22.000000,10.300000,0.720588,1.545412,26.000000,1,6.000000,0.000000,"Normal"
177.000000,18.000000,17.300000,0.158814,2.955186,21.000000,1,1.000000,1.000000,"Normal"
178.000000,34.000000,7.000000,0.359380,2.020620,28.000000,2,7.000000,2.000000,"Normal"
179.000000,24.000000,8.900000,0.602352,1.533648,37.000000,1,13.000000,5.000000,"Normal"
180.000000,35.000000,22.900000,2.123975,5.891025,33.000000,2,2.000000,14.000000,"Premium"
181.000000,46.000000,5.000000,0.561200,1.738800,39.000000,1,12.000000,10.000000,"Normal"
182.000000,57.000000,5.600000,0.877800,2.314200,40.000000,2,8.000000,19.000000,"Premium"
183.000000,80.000000,3.000000,0.912000,1.488000,45.000000,3,16.000000,21.000000,"Premium"
184.000000,34.000000,6.500000,0.850850,1.359150,27.000000,1,10.000000,6.000000,"Normal"
185.000000,29.000000,24.200000,1.424654,5.593346,28.000000,4,0.000000,7.000000,"Normal"
186.000000,27.000000,8.000000,0.965520,1.194480,32.136139,1,13.000000,9.000000,"Normal"
187.000000,43.000000,15.000000,2.792850,3.657150,40.000000,1,14.000000,21.000000,"Premium"
188.000000,27.500000,16.900000,4.637360,4.826640,27.000000,1,11.000000,8.000000,"Normal"
189.000000,16.000000,9.300000,0.433008,1.054992,36.000000,1,1.000000,4.000000,"Normal"
190.000000,78.000000,15.600000,4.404816,7.763184,55.000000,1,19.000000,2.000000,"Premium"
191.000000,22.000000,13.200000,1.086096,1.817904,27.000000,2,4.000000,3.000000,"Normal"
192.000000,17.000000,11.000000,0.746130,3.441508,30.000000,1,1.000000,8.000000,"Normal"
193.000000,28.000000,11.200000,0.815360,2.320640,36.000000,1,10.000000,0.000000,"Normal"
194.000000,21.000000,2.500000,0.277200,0.247800,31.000000,1,1.000000,6.000000,"Normal"
195.000000,40.000000,7.200000,0.181440,2.698560,33.000000,2,13.000000,2.000000,"Normal"
196.000000,33.000000,4.200000,0.500346,0.885654,30.000000,1,4.000000,0.000000,"Normal"
197.000000,18.000000,5.900000,0.238950,0.823050,24.000000,1,1.000000,0.000000,"Normal"
198.000000,28.000000,4.300000,0.376852,0.827148,33.000000,4,9.000000,10.000000,"Normal"
199.000000,47.000000,6.900000,0.398889,2.844111,38.034639,1,8.000000,27.000000,"Normal"
200.000000,32.000000,23.100000,3.341184,4.050816,31.000000,2,6.000000,6.000000,"Premium"
201.000000,19.000000,4.100000,0.260965,0.518035,28.000000,1,3.000000,7.000000,"Normal"
202.000000,88.000000,6.100000,0.284504,5.083496,28.710585,3,8.000000,10.000000,"Premium"
203.000000,45.000000,9.800000,0.974610,3.435390,60.000000,4,3.000000,23.000000,"Premium"
204.000000,30.000000,9.700000,0.328830,2.581170,36.000000,2,0.000000,17.000000,"Normal"
205.000000,63.000000,5.500000,0.571725,2.893275,29.000000,3,7.000000,1.000000,"Normal"
206.000000,116.000000,6.000000,2.561280,4.398720,40.000000,3,17.000000,11.000000,"Premium"
207.000000,26.000000,6.000000,0.542880,1.017120,60.949010,1,7.000000,6.000000,"Normal"
208.000000,30.000000,1.000000,0.143700,0.156300,26.000000,2,6.000000,6.000000,"Normal"
209.000000,81.000000,7.200000,1.784592,4.047408,36.000000,1,14.000000,11.000000,"Premium"
210.000000,35.000000,1.900000,0.085785,0.579215,26.000000,2,6.000000,0.000000,"Normal"
211.000000,116.000000,12.100000,1.614140,12.310327,40.000000,3,16.000000,6.000000,"Premium"
212.000000,48.000000,9.000000,1.969920,2.350080,44.000000,1,5.000000,3.000000,"Normal"
213.000000,30.000000,4.500000,0.279450,1.070550,29.000000,3,1.000000,10.000000,"Normal"
214.000000,37.000000,5.400000,0.581418,1.416582,35.000000,3,5.000000,3.000000,"Normal"
215.000000,75.000000,10.400000,3.954600,3.441508,34.000000,1,16.000000,3.000000,"Premium"
216.000000,47.000000,6.700000,1.300537,1.848463,34.000000,3,12.000000,8.000000,"Normal"
217.000000,35.000000,10.200000,1.349460,2.220540,46.000000,1,14.000000,25.000000,"Premium"
218.000000,145.000000,12.200000,3.237270,12.310327,41.000000,2,21.000000,22.000000,"Premium"
219.000000,30.000000,4.000000,0.447600,0.752400,38.243320,2,7.000000,8.000000,"Normal"
220.000000,70.000000,8.000000,1.618400,3.981600,27.000000,4,0.000000,6.000000,"Normal"
221.000000,24.000000,2.400000,0.107136,0.468864,28.000000,1,11.000000,6.000000,"Normal"
222.000000,19.000000,10.800000,0.849528,1.202472,48.000000,3,0.000000,27.000000,"Premium"
223.000000,113.000000,12.000000,3.376440,10.183560,48.000000,3,17.000000,26.000000,"Premium"
224.000000,70.000000,19.900000,3.176040,10.753960,29.000000,3,5.000000,6.000000,"Premium"
225.000000,60.000000,20.400000,4.039200,8.200800,43.000000,2,9.000000,5.000000,"Premium"
226.000000,17.000000,7.900000,0.302175,1.040825,23.000000,1,5.000000,2.000000,"Normal"
227.000000,44.000000,18.100000,3.703260,4.260740,29.000000,2,10.000000,8.000000,"Premium"
228.000000,75.000000,1.900000,0.884925,0.540075,40.000000,4,5.000000,6.000000,"Normal"
229.000000,20.000000,5.600000,0.207200,0.912800,22.000000,2,0.000000,3.000000,"Normal"
230.000000,22.000000,14.400000,0.849024,3.441508,23.000000,1,7.000000,3.000000,"Normal"
231.000000,60.000000,15.300000,1.606500,7.573500,46.000000,3,9.000000,10.000000,"Premium"
232.000000,40.000000,8.000000,0.563200,2.636800,55.000000,1,3.000000,11.000000,"Normal"
233.000000,38.000000,0.600000,0.029412,0.198588,38.000000,2,8.000000,16.000000,"Normal"
234.000000,33.000000,2.800000,0.103488,0.820512,35.000000,2,5.000000,1.000000,"Normal"
235.000000,27.000000,0.900000,0.073872,0.169128,30.000000,1,11.000000,9.000000,"Normal"
236.000000,18.000000,6.500000,0.526500,0.643500,24.000000,1,7.000000,0.000000,"Normal"
237.000000,28.000000,9.500000,0.226100,2.433900,35.606395,2,4.000000,3.000000,"Normal"
238.000000,15.000000,9.100000,0.118755,1.246245,32.000000,2,2.000000,11.000000,"Normal"
239.000000,75.000000,3.500000,0.632625,1.992375,37.000000,2,11.000000,4.000000,"Normal"
240.000000,42.000000,19.900000,2.540832,5.817168,39.000000,1,6.000000,19.000000,"Premium"
241.000000,21.000000,18.300000,0.491904,3.351096,30.000000,1,4.000000,4.000000,"Normal"
242.000000,39.000000,9.500000,2.056275,3.441508,30.000000,1,10.000000,11.000000,"Normal"
243.000000,32.000000,4.300000,0.433440,0.942560,32.000000,2,7.000000,10.000000,"Normal"
244.000000,118.000000,14.400000,7.905144,7.391520,54.000000,3,21.000000,20.000000,"Premium"
245.000000,35.000000,13.300000,1.601320,3.053680,27.000000,3,3.000000,4.000000,"Normal"
246.000000,31.000000,23.700000,2.057160,3.441508,31.000000,1,12.000000,4.000000,"Normal"
247.000000,39.000000,1.800000,0.139698,0.562302,39.000000,1,15.000000,16.000000,"Normal"
248.000000,25.000000,14.100000,1.177350,2.347650,31.000000,1,5.000000,3.000000,"Normal"
249.000000,40.000000,18.500000,1.213600,6.186400,35.000000,1,15.000000,11.000000,"Premium"
250.000000,98.000000,13.300000,4.874716,8.159284,35.000000,2,10.000000,16.000000,"Premium"
251.000000,144.000000,11.100000,3.324672,12.310327,46.000000,2,22.000000,17.000000,"Premium"
252.000000,52.000000,21.300000,2.713620,8.362380,33.000000,1,13.000000,3.000000,"Premium"
253.000000,105.000000,1.900000,1.418445,3.441508,26.298961,2,13.000000,3.000000,"Premium"
254.000000,21.000000,7.900000,0.369957,1.289043,35.000000,2,1.000000,1.000000,"Normal"
255.000000,21.000000,9.000000,0.449820,1.440180,38.000000,1,5.000000,13.000000,"Normal"
256.000000,74.333333,7.800000,2.253888,5.234112,41.000000,1,19.000000,1.000000,"Premium"
257.000000,44.000000,4.500000,0.605880,1.374120,38.000000,1,18.000000,19.000000,"Normal"
258.000000,39.000000,13.200000,1.142856,4.005144,34.000000,3,2.000000,14.000000,"Normal"
259.000000,82.000000,4.400000,2.604976,1.003024,51.000000,3,16.000000,25.000000,"Premium"
260.000000,33.000000,9.500000,0.573705,2.561295,34.000000,2,10.000000,2.000000,"Normal"
261.000000,30.000000,24.500000,2.212350,3.441508,47.000000,1,15.000000,1.000000,"Premium"
262.000000,78.000000,5.400000,2.156544,2.055456,34.000000,2,8.000000,6.000000,"Premium"
263.000000,18.000000,11.900000,0.400554,1.741446,27.000000,2,8.000000,7.000000,"Normal"
264.000000,24.000000,19.200000,0.801792,3.806208,52.000000,1,9.000000,11.000000,"Normal"
265.000000,35.000000,5.000000,0.232750,1.517250,39.000000,1,9.000000,6.000000,"Normal"
266.000000,22.000000,6.400000,0.630784,0.777216,33.000000,1,7.000000,0.000000,"Normal"
267.000000,21.000000,7.200000,0.187488,1.324512,34.000000,1,0.000000,1.000000,"Normal"
268.000000,59.000000,14.600000,3.109654,5.504346,31.000000,3,9.000000,7.000000,"Premium"
269.000000,16.000000,15.200000,0.870656,1.561344,28.000000,1,2.000000,9.000000,"Normal"
270.000000,45.000000,3.700000,0.915750,0.749250,39.000000,1,19.000000,16.000000,"Normal"
271.000000,120.000000,7.600000,4.140480,4.979520,51.000000,2,22.000000,23.000000,"Premium"
272.000000,16.000000,1.200000,0.084480,0.107520,22.000000,1,4.000000,1.000000,"Normal"
273.000000,26.000000,10.400000,0.930176,3.441508,27.000000,3,6.000000,4.000000,"Normal"
274.000000,38.000000,21.000000,0.694260,7.285740,32.000000,1,16.000000,10.000000,"Premium"
275.000000,38.000000,7.200000,0.774288,1.961712,28.000000,2,6.000000,7.000000,"Normal"
276.000000,20.000000,10.300000,0.376980,1.683020,27.000000,2,1.000000,0.000000,"Normal"
277.000000,24.000000,13.600000,1.576512,1.687488,26.000000,2,2.000000,6.000000,"Normal"
278.000000,25.500000,2.400000,0.273024,0.590976,32.000000,1,14.000000,0.000000,"Normal"
279.000000,17.000000,3.700000,0.446590,0.182410,30.000000,1,0.000000,11.000000,"Normal"
280.000000,38.000000,8.900000,1.897302,1.484698,39.000000,1,13.000000,1.000000,"Normal"
281.000000,25.500000,4.800000,0.345408,0.998592,31.000000,1,11.000000,6.000000,"Normal"
282.000000,39.000000,24.700000,4.373382,5.259618,34.000000,1,15.000000,2.000000,"Premium"
283.000000,41.000000,12.600000,0.134316,5.031684,31.000000,1,8.000000,3.000000,"Normal"
284.000000,25.000000,10.400000,0.569400,2.030600,29.000000,2,1.000000,7.000000,"Normal"
285.000000,25.000000,13.900000,1.070300,2.404700,29.000000,1,9.000000,0.000000,"Normal"
286.000000,30.000000,7.600000,0.649800,1.630200,35.000000,2,9.000000,16.000000,"Normal"
287.000000,32.000000,6.000000,0.927360,0.992640,29.000000,1,11.000000,7.000000,"Normal"
288.000000,22.000000,22.700000,1.208548,3.785452,38.000000,2,2.000000,16.000000,"Premium"
289.000000,36.000000,3.400000,0.178704,1.045296,35.000000,1,16.000000,15.000000,"Normal"
290.000000,36.000000,6.100000,0.709308,1.486692,29.000000,1,11.000000,5.000000,"Normal"
291.000000,34.000000,4.400000,0.261800,1.234200,23.000000,2,3.000000,4.000000,"Normal"
292.000000,32.000000,5.500000,0.496320,1.263680,33.000000,1,9.000000,8.000000,"Normal"
293.000000,158.066829,2.800000,1.068480,3.383520,51.000000,2,19.000000,25.000000,"Premium"
294.000000,21.000000,2.600000,0.099372,0.446628,24.000000,1,4.000000,2.000000,"Normal"
295.000000,49.000000,9.800000,3.236548,1.565452,31.000000,1,10.000000,12.000000,"Normal"
296.000000,52.000000,5.400000,0.932256,1.875744,45.000000,1,10.000000,14.000000,"Normal"
297.000000,17.000000,9.000000,0.469710,1.060290,29.000000,1,3.000000,1.000000,"Normal"
298.000000,20.000000,17.100000,2.048580,1.371420,34.000000,1,0.000000,10.000000,"Normal"
299.000000,27.000000,5.000000,0.549450,0.800550,25.000000,2,4.000000,5.000000,"Normal"
300.000000,56.000000,1.900000,0.542640,0.521360,37.000000,1,20.000000,2.000000,"Normal"
301.000000,129.000000,25.300000,0.000000,3.441508,47.000000,1,28.362688,18.000000,"Premium"
302.000000,54.000000,9.600000,0.622080,3.441508,43.000000,2,6.000000,24.000000,"Premium"
303.000000,81.000000,5.500000,1.505790,2.949210,47.000000,1,22.000000,19.000000,"Premium"
304.000000,21.000000,5.200000,0.108108,0.983892,24.000000,1,6.000000,2.000000,"Normal"
305.000000,75.000000,6.300000,2.206575,2.518425,27.000000,3,5.000000,1.000000,"Normal"
306.000000,18.000000,1.200000,0.065880,0.150120,25.000000,1,9.000000,4.000000,"Normal"
307.000000,44.000000,14.700000,0.446292,6.021708,36.000000,3,11.000000,12.000000,"Premium"
308.000000,57.000000,19.400000,1.559178,9.498822,27.646618,1,16.000000,20.000000,"Premium"
309.000000,25.000000,7.100000,1.306400,0.468600,26.000000,1,10.000000,1.000000,"Normal"
310.000000,25.000000,10.100000,1.060500,1.464500,41.000000,1,4.000000,19.000000,"Normal"
311.000000,60.000000,27.100000,7.905144,3.441508,39.000000,2,19.000000,15.000000,"Premium"
312.000000,54.000000,12.100000,4.593402,1.940598,37.000000,1,18.000000,8.000000,"Premium"
313.000000,14.000000,14.400000,0.586656,3.441508,29.000000,1,2.000000,0.000000,"Normal"
314.000000,31.000000,11.600000,1.024860,2.571140,42.000000,1,6.000000,9.000000,"Normal"
315.000000,29.000000,11.100000,1.065489,2.153511,31.000000,4,1.000000,6.000000,"Normal"
316.000000,17.000000,17.300000,0.520557,2.420443,36.000000,1,4.000000,15.000000,"Normal"
317.000000,52.000000,20.000000,4.160000,6.240000,39.000000,1,16.000000,4.000000,"Premium"
318.000000,23.000000,6.700000,0.468464,1.072536,23.000000,4,0.000000,2.000000,"Normal"
319.000000,33.000000,7.000000,0.397320,1.912680,39.000000,1,4.000000,15.000000,"Normal"
320.000000,40.000000,3.100000,0.283960,0.956040,27.000000,3,4.000000,1.000000,"Normal"
321.000000,24.000000,5.000000,0.381600,0.818400,24.000000,1,8.000000,4.000000,"Normal"
322.000000,45.000000,11.000000,0.292050,4.657950,27.000000,3,3.000000,4.000000,"Normal"
323.000000,49.000000,1.600000,0.431200,0.352800,41.000000,1,16.000000,22.000000,"Normal"
324.000000,23.000000,8.100000,0.897966,0.965034,38.000000,1,0.000000,8.000000,"Normal"
325.000000,35.000000,16.400000,1.584240,4.155760,40.000000,2,5.000000,12.000000,"Premium"
327.000000,89.000000,17.400000,2.771994,12.310327,40.000000,1,12.000000,6.000000,"Premium"
328.000000,32.000000,3.700000,0.853664,0.330336,40.000000,1,2.000000,4.000000,"Normal"
329.000000,31.000000,8.000000,0.156240,2.323760,29.000000,1,1.000000,8.000000,"Normal"
330.000000,23.000000,12.000000,0.761760,1.998240,30.000000,1,8.000000,6.000000,"Normal"
331.000000,18.000000,1.100000,0.029898,0.168102,29.000000,1,1.000000,1.000000,"Normal"
332.000000,25.500000,2.400000,0.259200,0.940800,29.000000,3,3.000000,3.000000,"Normal"
333.000000,41.000000,2.500000,0.459200,0.565800,28.000000,4,2.000000,4.000000,"Normal"
334.000000,38.000000,10.400000,0.636272,3.315728,28.000000,4,0.000000,5.000000,"Normal"
335.000000,89.000000,14.300000,5.001711,7.725289,39.000000,2,16.000000,9.000000,"Premium"
336.000000,53.000000,3.300000,0.089199,1.659801,32.000000,1,11.000000,2.000000,"Normal"
337.000000,43.000000,15.400000,2.648800,3.973200,36.000000,2,7.000000,16.000000,"Premium"
338.000000,39.000000,8.200000,0.773916,2.424084,39.000000,1,20.000000,12.000000,"Normal"
339.000000,47.000000,19.800000,5.574294,3.731706,28.000000,3,6.000000,8.000000,"Premium"
340.000000,28.000000,14.200000,0.437360,3.538640,28.000000,1,4.000000,2.000000,"Normal"
341.000000,31.000000,12.200000,1.985550,1.796450,46.000000,1,6.000000,19.000000,"Normal"
342.000000,15.000000,6.500000,0.350025,0.624975,30.000000,1,4.000000,8.000000,"Normal"
343.000000,32.000000,4.900000,0.421792,3.441508,39.000000,2,15.000000,19.000000,"Premium"
344.000000,158.066829,16.000000,7.905144,3.441508,40.000000,3,5.000000,3.000000,"Premium"
345.000000,74.000000,13.400000,4.521696,3.441508,44.000000,2,18.000000,4.000000,"Premium"
346.000000,19.000000,16.600000,0.624492,2.529508,30.000000,1,0.000000,8.000000,"Normal"
347.000000,19.000000,4.300000,0.358663,0.458337,24.000000,2,3.000000,0.000000,"Normal"
348.000000,32.000000,11.300000,1.167968,2.448032,32.000000,1,10.000000,13.000000,"Normal"
349.000000,15.000000,2.600000,0.146640,0.243360,29.000000,2,3.000000,8.000000,"Normal"
350.000000,36.000000,3.800000,0.277704,1.090296,40.000000,2,2.000000,1.000000,"Normal"
351.000000,43.000000,0.700000,0.085785,0.215215,41.000000,2,8.000000,21.000000,"Normal"
352.000000,27.500000,18.600000,0.806310,2.355690,22.000000,1,1.000000,3.000000,"Normal"
353.000000,34.000000,1.200000,0.036312,0.371688,28.174295,1,10.000000,8.000000,"Normal"
354.000000,62.000000,8.500000,1.185750,4.084250,37.000000,2,6.000000,13.000000,"Premium"
355.000000,71.000000,15.700000,6.565583,4.581417,41.000000,3,18.000000,6.000000,"Premium"
356.000000,56.000000,14.500000,0.373520,7.746480,41.000000,3,7.000000,6.000000,"Premium"
357.000000,22.000000,23.100000,1.915914,3.166086,39.000000,1,2.000000,15.000000,"Normal"
358.000000,15.000000,16.100000,0.321195,2.093805,24.000000,2,0.000000,2.000000,"Normal"
359.000000,51.000000,23.000000,2.686170,9.043830,32.000000,3,9.000000,10.000000,"Premium"
360.000000,26.000000,7.700000,1.529528,0.472472,21.000000,3,0.000000,1.000000,"Normal"
361.000000,27.000000,2.300000,0.068931,0.552069,29.000000,1,13.000000,7.000000,"Normal"
362.000000,82.000000,0.800000,0.468384,0.187616,35.000000,2,14.000000,3.000000,"Normal"
363.000000,21.000000,18.100000,1.109892,2.691108,29.000000,1,6.000000,7.000000,"Normal"
364.000000,30.000000,6.700000,0.112560,3.441508,41.000000,1,2.000000,22.000000,"Normal"
365.000000,18.000000,12.900000,1.583604,0.738396,37.000000,1,0.000000,18.000000,"Normal"
366.000000,47.000000,1.900000,0.428640,0.464360,32.000000,2,3.000000,13.000000,"Normal"
367.000000,20.000000,8.100000,0.729000,0.891000,36.000000,5,5.000000,12.000000,"Normal"
368.000000,44.000000,2.100000,0.367752,0.556248,39.000000,2,18.000000,9.000000,"Normal"
369.000000,67.000000,11.200000,5.245296,2.258704,36.000000,1,18.000000,9.000000,"Premium"
370.000000,99.000000,2.300000,0.826551,1.450449,46.000000,3,22.000000,4.000000,"Premium"
371.000000,51.000000,9.600000,1.875168,3.020832,34.000000,1,13.000000,11.000000,"Normal"
372.000000,39.800000,9.100000,0.641186,1.724814,27.000000,1,7.000000,4.000000,"Normal"
373.000000,45.000000,3.300000,0.677160,0.807840,43.000000,1,8.000000,11.000000,"Normal"
374.000000,72.000000,30.742272,0.000000,12.310327,33.000000,1,14.000000,8.000000,"Premium"
375.000000,101.000000,1.400000,0.340774,1.073226,39.000000,2,20.000000,17.000000,"Premium"
376.000000,17.000000,2.500000,0.131750,0.293250,29.000000,1,1.000000,4.000000,"Normal"
377.000000,40.000000,6.400000,0.949760,1.610240,34.000000,4,7.000000,15.000000,"Normal"
378.000000,21.000000,4.900000,0.608139,0.420861,26.000000,1,1.000000,0.000000,"Normal"
379.000000,60.000000,4.800000,0.803520,2.076480,31.000000,1,15.000000,2.000000,"Normal"
380.000000,24.000000,2.700000,0.311040,0.336960,26.000000,1,10.000000,6.000000,"Normal"
381.000000,45.000000,7.700000,1.853775,1.611225,28.000000,1,12.000000,7.000000,"Normal"
382.000000,50.000000,30.742272,6.113800,9.286200,48.000000,1,13.000000,20.000000,"Premium"
383.000000,46.000000,16.000000,4.003840,3.356160,39.000000,2,2.000000,12.000000,"Premium"
384.000000,25.000000,3.700000,0.275650,0.649350,37.000000,1,3.000000,3.000000,"Normal"
385.000000,70.000000,9.400000,1.329160,5.250840,52.000000,5,9.000000,0.000000,"Premium"
386.000000,27.000000,21.300000,1.403244,4.347756,48.000000,1,3.000000,11.000000,"Normal"
387.000000,22.000000,5.100000,0.208692,0.913308,26.000000,1,7.000000,3.000000,"Normal"
388.000000,126.000000,3.100000,0.476532,3.429468,46.000000,5,15.000000,0.000000,"Premium"
389.000000,23.000000,4.900000,0.225400,0.901600,31.000000,1,7.000000,10.000000,"Normal"
390.000000,56.000000,6.100000,0.864248,2.551752,34.000000,1,13.000000,8.000000,"Normal"
391.000000,95.000000,3.600000,0.632700,2.787300,40.000000,1,22.000000,4.000000,"Premium"
392.000000,25.500000,6.400000,0.270336,0.753664,24.000000,3,2.000000,5.000000,"Normal"
393.000000,44.000000,3.100000,0.525140,0.838860,33.000000,1,2.000000,14.000000,"Normal"
394.000000,78.000000,17.300000,6.935916,6.558084,53.000000,4,5.000000,28.733398,"Premium"
395.000000,56.000000,20.100000,2.539836,7.912164,47.000000,3,9.000000,1.000000,"Premium"
396.000000,32.000000,13.000000,0.174720,3.985280,35.000000,1,5.000000,5.000000,"Normal"
397.000000,28.000000,17.000000,1.137640,3.622360,34.000000,1,14.000000,8.000000,"Normal"
398.000000,27.500000,10.100000,2.457936,1.481064,49.000000,1,11.000000,5.000000,"Normal"
399.000000,28.000000,9.300000,1.270752,1.333248,26.000000,2,0.000000,7.000000,"Normal"
400.000000,16.000000,9.600000,0.804864,0.731136,23.000000,1,2.000000,2.000000,"Normal"
401.000000,21.000000,8.700000,0.454923,1.372077,23.000000,2,0.000000,4.000000,"Normal"
402.000000,56.000000,1.600000,0.441728,0.454272,38.000000,2,4.000000,13.000000,"Normal"
403.000000,37.000000,8.300000,1.123986,1.947014,28.000000,2,5.000000,2.000000,"Normal"
404.000000,65.000000,29.700000,3.899610,12.310327,30.000000,3,0.000000,8.000000,"Premium"
405.000000,34.000000,15.400000,2.099636,3.136364,34.000000,1,18.000000,10.000000,"Normal"
406.000000,71.000000,11.100000,1.662891,6.218109,50.000000,2,16.000000,14.000000,"Premium"
407.000000,40.000000,6.700000,1.632120,1.047880,29.000000,1,12.000000,2.000000,"Normal"
408.000000,64.000000,6.600000,0.278784,3.945216,42.000000,3,0.000000,9.000000,"Normal"
409.000000,27.000000,5.000000,0.237600,1.112400,31.000000,1,13.000000,12.000000,"Normal"
410.000000,31.000000,4.800000,0.184512,1.303488,39.000000,1,10.000000,4.000000,"Normal"
411.000000,132.000000,3.000000,2.558160,1.401840,45.000000,2,21.000000,26.000000,"Premium"
412.000000,91.000000,11.700000,1.256346,9.390654,45.000000,1,22.000000,24.000000,"Premium"
413.000000,53.000000,5.700000,1.888125,1.132875,36.000000,1,14.000000,17.000000,"Normal"
414.000000,27.500000,12.100000,1.597200,1.306800,25.000000,4,0.000000,6.000000,"Normal"
415.000000,29.000000,21.200000,2.330092,3.817908,29.000000,2,1.000000,7.000000,"Normal"
416.000000,56.000000,6.400000,0.333312,3.250688,30.000000,2,8.000000,4.000000,"Normal"
417.000000,25.500000,4.500000,0.217080,0.862920,31.000000,1,1.000000,1.000000,"Normal"
418.000000,29.000000,4.600000,0.053360,1.280640,43.000000,1,4.000000,2.000000,"Normal"
419.000000,57.000000,23.800000,5.439966,8.126034,32.000000,2,11.000000,4.000000,"Premium"
420.000000,50.000000,30.100000,3.175550,11.874450,47.000000,1,19.000000,7.000000,"Premium"
421.000000,21.000000,14.800000,1.376844,1.731156,46.000000,1,1.000000,15.000000,"Normal"
422.000000,83.000000,4.100000,0.258628,3.144372,43.000000,2,16.000000,10.000000,"Premium"
423.000000,24.000000,7.000000,0.764400,0.915600,48.000000,1,3.000000,7.000000,"Normal"
424.000000,61.000000,2.800000,0.549976,1.158024,30.000000,3,8.000000,7.000000,"Normal"
425.000000,32.000000,18.400000,0.818432,5.069568,23.000000,4,0.000000,4.000000,"Normal"
426.000000,32.000000,1.600000,0.024576,0.487424,36.000000,4,8.000000,0.000000,"Normal"
427.000000,17.000000,2.300000,0.043792,0.347208,20.000000,1,0.000000,1.000000,"Normal"
428.000000,89.000000,0.400000,0.159488,0.196512,43.000000,1,16.000000,7.000000,"Normal"
429.000000,25.000000,4.500000,0.123750,1.001250,23.000000,1,2.000000,1.000000,"Normal"
430.000000,76.000000,20.500000,6.948680,8.631320,41.000000,1,21.000000,2.000000,"Premium"
431.000000,89.000000,25.100000,7.817144,9.250856,34.000000,1,12.000000,5.000000,"Premium"
432.000000,36.000000,4.800000,0.834624,0.893376,50.000000,1,11.000000,5.000000,"Normal"
433.000000,64.000000,6.600000,0.789888,3.434112,40.000000,1,9.000000,4.000000,"Normal"
434.000000,22.000000,12.900000,1.038708,1.799292,29.000000,2,0.000000,8.000000,"Normal"
435.000000,56.000000,18.700000,4.764760,5.707240,35.324561,2,9.000000,16.000000,"Premium"
436.000000,42.000000,5.700000,0.837900,1.556100,24.000000,2,1.000000,2.000000,"Normal"
437.000000,16.000000,1.100000,0.130416,3.441508,27.000000,1,0.000000,5.000000,"Normal"
438.000000,157.000000,6.600000,3.326202,7.035798,40.000000,3,18.000000,14.000000,"Premium"
439.000000,45.000000,3.700000,0.982350,3.441508,32.000000,2,8.000000,2.000000,"Normal"
440.000000,53.000000,3.700000,0.694194,1.266806,39.000000,2,16.000000,12.000000,"Premium"
441.000000,100.000000,14.600000,5.402000,9.198000,40.000000,1,22.000000,1.000000,"Premium"
442.000000,42.000000,9.100000,1.540266,2.281734,32.000000,1,10.000000,11.000000,"Normal"
443.000000,75.000000,18.900000,3.132675,11.042325,39.000000,1,23.000000,1.000000,"Premium"
444.000000,21.000000,28.900000,2.682498,3.386502,24.000000,1,3.000000,3.000000,"Normal"
445.000000,158.066829,6.500000,0.000000,12.310327,43.000000,4,18.000000,14.000000,"Premium"
446.000000,59.000000,15.000000,4.672800,4.177200,56.000000,1,11.000000,20.000000,"Premium"
447.000000,23.000000,4.500000,0.326025,0.708975,32.000000,3,5.000000,9.000000,"Normal"
448.000000,27.500000,10.200000,1.629450,0.920550,42.000000,1,7.000000,12.000000,"Normal"
449.000000,43.000000,13.200000,3.042336,2.633664,46.000000,3,3.000000,13.000000,"Premium"
450.000000,22.000000,16.400000,1.739056,1.868944,31.000000,1,2.000000,2.000000,"Normal"
451.000000,74.333333,2.600000,1.635920,4.656080,43.000000,1,25.000000,16.000000,"Premium"
452.000000,22.000000,11.500000,0.650210,1.879790,28.000000,2,6.000000,9.000000,"Normal"
453.000000,39.000000,12.900000,2.560779,2.470221,39.000000,3,11.000000,17.000000,"Premium"
454.000000,39.000000,7.900000,1.066026,2.014974,39.000000,1,0.000000,8.000000,"Normal"
455.000000,33.000000,16.100000,2.693691,2.619309,37.000000,4,1.000000,14.000000,"Premium"
456.000000,17.000000,12.000000,0.303960,1.736040,30.000000,1,0.000000,11.000000,"Normal"
457.000000,158.066829,5.900000,0.887655,9.555345,37.000000,5,9.000000,16.000000,"Premium"
458.000000,14.000000,17.500000,0.225400,2.224600,22.000000,1,4.000000,3.000000,"Normal"
459.000000,26.000000,14.300000,1.851564,1.866436,50.000000,1,1.000000,26.000000,"Normal"
460.000000,19.000000,4.400000,0.336072,0.499928,30.000000,1,10.000000,2.000000,"Normal"
461.000000,21.000000,4.000000,0.276360,0.563640,39.000000,1,8.000000,0.000000,"Normal"
462.000000,21.000000,12.500000,0.488250,2.136750,21.000000,2,0.000000,2.000000,"Normal"
463.000000,28.000000,2.600000,0.121576,0.606424,31.000000,3,9.000000,2.000000,"Normal"
464.000000,30.000000,5.800000,0.602040,1.137960,31.000000,2,9.000000,1.000000,"Normal"
465.000000,30.000000,22.300000,2.662620,4.027380,48.000000,1,0.000000,23.000000,"Premium"
466.000000,16.000000,23.800000,1.085280,2.722720,28.000000,1,4.000000,1.000000,"Normal"
467.000000,158.066829,17.600000,0.000000,3.441508,47.000000,3,16.000000,26.000000,"Premium"
468.000000,34.000000,4.400000,0.237864,1.258136,27.000000,2,6.000000,1.000000,"Normal"
469.000000,65.000000,18.400000,1.985360,3.441508,29.000000,2,6.000000,10.000000,"Premium"
470.000000,20.000000,4.500000,0.290700,0.609300,21.000000,2,2.000000,0.000000,"Normal"
471.000000,20.000000,19.800000,1.005840,2.954160,29.000000,3,7.000000,5.000000,"Normal"
472.000000,29.000000,6.600000,0.589512,1.324488,24.000000,4,0.000000,3.000000,"Normal"
473.000000,17.000000,9.700000,0.357833,2.649167,44.000000,1,12.000000,3.000000,"Normal"
474.000000,25.500000,4.400000,0.270072,0.521928,22.000000,1,1.000000,0.000000,"Normal"
475.000000,59.000000,2.400000,0.407808,1.008192,38.000000,2,13.000000,0.000000,"Normal"
476.000000,76.000000,7.700000,0.994840,4.857160,52.000000,2,12.000000,16.000000,"Premium"
477.000000,18.000000,16.300000,0.352080,2.581920,25.000000,1,3.000000,2.000000,"Normal"
478.000000,22.000000,10.900000,0.402864,1.995136,25.000000,1,5.000000,5.000000,"Normal"
480.000000,58.000000,16.500000,4.584030,4.985970,38.000000,1,21.000000,16.000000,"Premium"
481.000000,33.000000,5.200000,0.545688,1.170312,44.000000,1,9.000000,20.000000,"Normal"
482.000000,26.000000,9.700000,0.887744,1.634256,24.000000,2,2.000000,3.000000,"Normal"
483.000000,33.000000,7.300000,0.778107,1.630893,34.000000,1,5.000000,3.000000,"Normal"
484.000000,26.000000,4.500000,0.070200,1.099800,25.000000,2,6.000000,2.000000,"Normal"
485.000000,94.000000,10.500000,3.612420,6.257580,45.000000,3,5.000000,17.000000,"Premium"
486.000000,25.000000,5.800000,0.569850,0.880150,34.000000,2,4.000000,10.000000,"Normal"
487.000000,23.000000,5.700000,0.319884,0.991116,27.000000,4,2.000000,8.000000,"Normal"
488.000000,57.000000,20.900000,6.111369,5.801631,33.000000,2,10.000000,13.000000,"Premium"
489.000000,22.000000,15.000000,1.970100,1.329900,35.000000,2,0.000000,16.000000,"Normal"
490.000000,60.000000,1.100000,0.467940,0.192060,50.000000,2,15.000000,28.733398,"Premium"
491.000000,42.000000,3.600000,0.228312,1.283688,33.000000,1,13.000000,13.000000,"Normal"
492.000000,56.000000,25.200000,2.316132,3.441508,41.000000,3,13.000000,13.000000,"Premium"
493.000000,28.000000,30.742272,2.284380,3.441508,28.000000,1,0.000000,2.000000,"Normal"
494.000000,63.000000,16.000000,5.715360,4.364640,60.949010,3,12.000000,14.000000,"Premium"
495.000000,16.000000,17.800000,1.011040,1.836960,25.000000,1,3.000000,2.000000,"Normal"
496.000000,33.000000,7.100000,1.194930,1.148070,47.000000,2,4.000000,9.000000,"Normal"
497.000000,98.000000,7.200000,2.935296,4.120704,30.000000,3,12.000000,9.000000,"Premium"
498.000000,86.000000,13.000000,1.475760,9.704240,44.000000,2,12.000000,5.000000,"Premium"
499.000000,18.000000,18.900000,0.513702,2.888298,25.000000,1,0.000000,2.000000,"Normal"
500.000000,36.000000,19.500000,4.513860,2.506140,41.000000,2,6.000000,0.000000,"Premium"
501.000000,18.000000,7.700000,0.478170,0.907830,22.000000,3,0.000000,1.000000,"Normal"
502.000000,40.000000,17.200000,1.802560,5.077440,35.000000,2,3.000000,11.000000,"Premium"
503.000000,158.066829,7.800000,3.156660,11.663340,42.000000,5,6.000000,23.000000,"Premium"
504.000000,23.000000,14.700000,0.831726,2.549274,38.000000,1,3.000000,19.000000,"Normal"
505.000000,18.000000,18.700000,0.885258,2.480742,23.000000,2,1.000000,3.000000,"Normal"
506.000000,30.000000,19.900000,1.522350,4.447650,28.000000,3,2.000000,5.000000,"Normal"
507.000000,44.000000,4.700000,0.397385,3.785615,52.000000,1,19.000000,25.000000,"Premium"
508.000000,20.000000,3.500000,0.105000,0.595000,25.000000,1,9.000000,2.000000,"Normal"
509.000000,16.000000,14.700000,0.573888,1.778112,28.000000,2,1.000000,4.000000,"Normal"
510.000000,79.000000,7.500000,0.782100,5.142900,43.000000,1,19.000000,11.000000,"Premium"
511.000000,24.000000,19.100000,2.172816,2.411184,24.000000,2,3.000000,1.000000,"Normal"
512.000000,52.000000,9.200000,1.497392,3.286608,34.000000,3,13.000000,7.000000,"Premium"
513.000000,25.000000,4.200000,0.584850,0.465150,29.000000,2,6.000000,9.000000,"Normal"
514.000000,21.000000,8.300000,0.728574,1.014426,31.000000,1,6.000000,9.000000,"Normal"
515.000000,48.000000,8.600000,1.201248,2.926752,42.000000,2,14.000000,1.000000,"Premium"
516.000000,51.000000,15.000000,0.543150,7.106850,49.000000,2,11.000000,1.000000,"Premium"
517.000000,73.000000,14.300000,3.726723,6.712277,39.000000,1,22.000000,9.000000,"Premium"
518.000000,22.000000,4.200000,0.030492,0.893508,45.000000,3,0.000000,19.000000,"Normal"
519.000000,32.000000,2.900000,0.072384,0.855616,41.000000,1,7.000000,22.000000,"Normal"
520.000000,46.000000,1.600000,0.241408,0.494592,29.000000,2,9.000000,0.000000,"Normal"
521.000000,38.000000,15.100000,1.382858,4.355142,35.000000,3,7.000000,5.000000,"Normal"
522.000000,25.000000,6.800000,0.705500,0.994500,27.000000,2,5.000000,6.000000,"Normal"
523.000000,19.000000,4.100000,0.286672,0.492328,28.000000,1,4.000000,7.000000,"Normal"
524.000000,66.000000,3.200000,1.467840,0.644160,48.000000,1,17.000000,22.000000,"Premium"
525.000000,18.000000,6.000000,0.528120,0.551880,24.000000,1,2.000000,5.000000,"Normal"
526.000000,33.000000,4.200000,0.145530,1.240470,31.000000,1,6.000000,12.000000,"Normal"
527.000000,69.000000,6.400000,0.410688,4.005312,43.000000,1,10.000000,9.000000,"Normal"
528.000000,24.000000,10.600000,0.666528,1.877472,42.000000,1,3.000000,10.000000,"Normal"
530.000000,19.000000,23.100000,1.887270,2.501730,22.000000,1,4.000000,3.000000,"Normal"
531.000000,31.000000,11.700000,1.701063,1.925937,37.000000,1,6.000000,10.000000,"Normal"
532.000000,27.500000,13.800000,1.976850,3.441508,22.000000,3,1.000000,3.000000,"Normal"
533.000000,20.000000,16.900000,0.378560,3.001440,49.000000,2,2.000000,13.000000,"Normal"
534.000000,30.000000,8.200000,0.154980,2.305020,29.000000,1,9.000000,8.000000,"Normal"
535.000000,30.000000,9.700000,1.472460,1.437540,42.000000,1,2.000000,16.000000,"Normal"
536.000000,67.000000,13.200000,3.741012,5.102988,34.000000,1,15.000000,0.000000,"Premium"
537.000000,27.000000,1.700000,0.295137,0.163863,34.000000,2,9.000000,7.000000,"Normal"
538.000000,43.000000,15.000000,1.806000,4.644000,32.000000,2,5.000000,5.000000,"Normal"
539.000000,66.000000,9.600000,1.641024,4.694976,42.000000,2,18.000000,23.000000,"Premium"
540.000000,14.000000,16.100000,0.838488,1.415512,24.000000,1,3.000000,0.000000,"Normal"
541.000000,48.000000,7.600000,1.473792,2.174208,34.000000,1,16.000000,9.000000,"Normal"
542.000000,32.000000,4.700000,0.126336,1.377664,26.000000,1,10.000000,2.000000,"Normal"
543.000000,68.000000,20.100000,2.856612,10.811388,30.000000,2,12.000000,9.000000,"Premium"
544.000000,16.000000,28.500000,0.893760,3.666240,32.000000,1,4.000000,3.000000,"Normal"
545.000000,25.000000,5.700000,0.343425,1.081575,38.000000,3,13.000000,18.000000,"Normal"
546.000000,37.000000,8.500000,0.676175,2.468825,43.000000,2,10.000000,24.000000,"Premium"
547.000000,53.000000,13.500000,1.194885,5.960115,31.000000,2,9.000000,8.000000,"Premium"
548.000000,123.000000,17.300000,3.021618,12.310327,36.320820,4,10.000000,18.000000,"Premium"
549.000000,20.000000,21.700000,0.173600,4.166400,37.000000,2,4.000000,11.000000,"Normal"
550.000000,89.000000,26.500000,4.991010,12.310327,41.000000,3,12.000000,11.000000,"Premium"
551.000000,20.000000,3.000000,0.263400,0.336600,32.000000,1,0.000000,4.000000,"Normal"
552.000000,35.000000,9.000000,0.781200,2.368800,22.000000,2,0.000000,1.000000,"Normal"
553.000000,63.000000,18.200000,5.549544,5.916456,32.000000,2,12.000000,3.000000,"Premium"
554.000000,41.000000,9.500000,0.455715,3.439285,36.583047,2,17.000000,23.000000,"Premium"
555.000000,46.000000,6.200000,0.966828,1.885172,40.000000,1,21.000000,21.000000,"Premium"
556.000000,22.000000,6.700000,0.369974,1.104026,31.000000,1,8.000000,1.000000,"Normal"
557.000000,27.000000,2.200000,0.125334,0.468666,34.000000,3,7.000000,0.000000,"Normal"
558.000000,158.066829,7.700000,7.387380,10.630620,52.000000,4,13.000000,17.000000,"Premium"
559.000000,17.000000,2.500000,0.199325,0.225675,28.000000,1,2.000000,2.000000,"Normal"
560.000000,63.000000,13.400000,5.090526,3.351474,38.000000,3,15.000000,18.000000,"Premium"
561.000000,26.000000,3.100000,0.030628,0.775372,33.000000,2,10.000000,4.000000,"Normal"
562.000000,32.000000,6.600000,1.429824,0.682176,39.000000,2,9.000000,12.000000,"Normal"
563.000000,115.000000,4.000000,0.653200,3.946800,47.000000,3,23.000000,11.000000,"Premium"
564.000000,49.000000,1.300000,0.272636,0.364364,36.000000,2,11.000000,8.000000,"Normal"
565.000000,84.000000,13.600000,6.911520,4.512480,29.000000,3,7.000000,2.000000,"Premium"
566.000000,59.000000,16.500000,4.935645,4.799355,48.000000,4,14.000000,10.000000,"Premium"
567.000000,64.000000,5.800000,0.894592,2.817408,38.000000,3,12.000000,18.000000,"Premium"
568.000000,15.000000,4.300000,0.014835,0.630165,46.000000,2,9.000000,26.000000,"Normal"
569.000000,42.000000,19.900000,2.707992,5.650008,27.000000,3,5.000000,4.000000,"Premium"
570.000000,114.000000,8.500000,3.294600,6.395400,54.000000,1,18.000000,28.733398,"Premium"
571.000000,27.500000,12.700000,1.419225,1.755775,27.000000,4,0.000000,0.000000,"Normal"
572.000000,17.000000,1.600000,0.011696,0.260304,23.000000,1,1.000000,0.000000,"Normal"
573.000000,91.000000,13.700000,0.573482,11.893518,41.000000,1,23.000000,2.000000,"Premium"
574.000000,15.000000,11.300000,0.072885,1.622115,24.000000,1,3.000000,5.000000,"Normal"
575.000000,22.000000,27.700000,5.283498,0.810502,28.000000,1,9.000000,0.000000,"Normal"
576.000000,14.000000,10.500000,0.255780,1.214220,26.000000,1,0.000000,0.000000,"Normal"
577.000000,17.000000,5.600000,0.569296,0.382704,24.000000,1,8.000000,0.000000,"Normal"
578.000000,79.000000,7.300000,0.288350,5.478650,49.000000,2,22.000000,4.000000,"Premium"
579.000000,36.000000,8.600000,0.383904,2.712096,28.000000,2,3.000000,1.000000,"Normal"
580.000000,18.000000,13.000000,0.131040,2.208960,38.000000,1,6.000000,17.000000,"Normal"
581.000000,37.000000,4.500000,0.834165,0.830835,33.000000,2,2.000000,9.000000,"Normal"
582.000000,25.000000,4.700000,0.210325,0.964675,26.000000,1,8.000000,4.000000,"Normal"
583.000000,40.000000,9.800000,1.975680,1.944320,36.000000,1,9.000000,1.000000,"Normal"
584.000000,50.000000,30.742272,7.320000,10.980000,37.000000,3,16.000000,14.000000,"Premium"
585.000000,18.000000,30.742272,2.801592,3.210408,25.000000,4,0.000000,1.000000,"Normal"
586.000000,33.000000,4.800000,0.693792,0.890208,29.000000,1,9.000000,2.000000,"Normal"
587.000000,38.000000,6.900000,0.364458,2.257542,27.000000,2,8.000000,4.000000,"Normal"
588.000000,62.000000,15.000000,2.436600,6.863400,45.000000,1,17.000000,0.000000,"Premium"
589.000000,57.000000,5.500000,1.357455,1.777545,37.000000,1,9.000000,8.000000,"Normal"
590.000000,26.000000,6.100000,0.537654,1.048346,29.000000,2,3.000000,6.000000,"Normal"
591.000000,44.000000,13.200000,4.960032,0.847968,51.000000,1,10.000000,1.000000,"Normal"
592.000000,23.000000,8.400000,0.372876,1.559124,22.000000,3,0.000000,0.000000,"Normal"
593.000000,30.000000,15.700000,0.263760,4.446240,30.000000,4,7.000000,10.000000,"Normal"
594.000000,20.000000,12.300000,0.110700,2.349300,31.000000,1,7.000000,2.000000,"Normal"
595.000000,18.000000,14.800000,1.939392,0.724608,28.000000,1,2.000000,0.000000,"Normal"
596.000000,25.500000,5.700000,0.217854,2.005146,35.000000,1,10.000000,16.000000,"Normal"
597.000000,34.000000,8.500000,0.132940,2.757060,25.000000,4,1.000000,1.000000,"Normal"
598.000000,28.000000,14.800000,2.594144,1.549856,32.000000,2,5.000000,0.000000,"Normal"
599.000000,24.000000,9.600000,1.041408,1.262592,33.000000,1,2.000000,10.000000,"Normal"
600.000000,41.000000,25.100000,5.896743,4.394257,28.000000,2,3.000000,4.000000,"Premium"
601.000000,73.000000,5.400000,2.223288,1.718712,46.000000,3,4.000000,17.000000,"Premium"
602.000000,83.000000,14.000000,6.588540,5.031460,41.000000,1,24.000000,12.000000,"Premium"
603.000000,73.000000,6.800000,2.869192,2.094808,42.000000,2,11.000000,5.000000,"Premium"
604.000000,47.000000,5.000000,0.437100,1.912900,41.000000,4,9.000000,13.000000,"Normal"
605.000000,29.000000,25.700000,2.526567,4.926433,26.000000,1,3.000000,5.000000,"Normal"
606.000000,113.000000,9.200000,2.380684,8.015316,47.000000,1,27.000000,8.000000,"Premium"
607.000000,18.000000,25.600000,1.981440,2.626560,29.000000,1,1.000000,3.000000,"Normal"
608.000000,36.000000,4.700000,0.624348,1.067652,34.000000,1,3.000000,14.000000,"Normal"
609.000000,43.000000,6.200000,1.039740,1.626260,36.000000,1,7.000000,2.000000,"Normal"
610.000000,64.000000,3.000000,0.650880,1.269120,38.000000,2,7.000000,4.000000,"Normal"
611.000000,26.000000,19.200000,1.472640,3.519360,41.000000,2,4.000000,14.000000,"Premium"
612.000000,31.000000,13.800000,1.617084,2.660916,46.000000,1,9.000000,23.000000,"Premium"
613.000000,55.000000,16.500000,1.751475,7.323525,40.000000,3,3.000000,15.000000,"Premium"
614.000000,129.000000,2.500000,0.551475,2.673525,44.000000,2,17.000000,0.000000,"Premium"
615.000000,39.000000,10.400000,1.602120,2.453880,35.000000,3,10.000000,15.000000,"Premium"
616.000000,44.000000,5.400000,1.056240,2.183760,36.000000,1,20.000000,15.000000,"Normal"
617.000000,30.000000,4.800000,0.120960,1.319040,28.000000,1,0.000000,3.000000,"Normal"
618.000000,18.000000,5.100000,0.449820,0.468180,29.000000,2,6.000000,7.000000,"Normal"
619.000000,22.000000,11.400000,1.274064,1.233936,23.000000,2,3.000000,3.000000,"Normal"
620.000000,63.000000,15.400000,4.637556,5.064444,41.000000,2,7.000000,17.000000,"Premium"
621.000000,25.500000,6.900000,0.190095,1.120905,25.000000,1,1.000000,1.000000,"Normal"
622.000000,29.000000,5.400000,0.443178,1.122822,45.000000,2,2.000000,19.000000,"Normal"
623.000000,148.000000,7.200000,3.974688,6.681312,48.000000,2,28.362688,14.000000,"Premium"
624.000000,45.000000,7.000000,0.535500,2.614500,38.000000,1,18.000000,7.000000,"Normal"
625.000000,39.800000,5.400000,1.169964,1.314036,29.000000,1,6.000000,4.000000,"Normal"
626.000000,158.066829,3.600000,2.403864,4.292136,42.000000,4,15.000000,8.000000,"Premium"
627.000000,47.000000,10.900000,2.863757,2.259243,31.000000,1,11.000000,12.000000,"Normal"
628.000000,23.000000,6.900000,0.409446,1.177554,40.000000,1,3.000000,13.000000,"Normal"
629.000000,21.000000,19.800000,1.022868,3.135132,26.000000,1,2.000000,6.000000,"Normal"
630.000000,22.000000,20.200000,2.261996,2.182004,25.000000,1,6.000000,6.000000,"Normal"
631.000000,61.000000,7.900000,1.874591,2.944409,53.000000,4,7.000000,11.000000,"Premium"
632.000000,102.000000,14.100000,5.781564,8.600436,50.000000,3,18.000000,27.000000,"Premium"
634.000000,21.000000,8.400000,1.210104,0.553896,23.000000,1,1.000000,0.000000,"Normal"
635.000000,83.000000,4.100000,0.319882,3.083118,37.000000,3,12.000000,8.000000,"Premium"
636.000000,100.000000,11.500000,5.060000,6.440000,41.000000,1,24.000000,15.000000,"Premium"
637.000000,29.000000,13.300000,2.148349,1.708651,28.000000,2,0.000000,7.000000,"Normal"
638.000000,41.000000,30.700000,2.995706,9.591294,31.000000,1,7.000000,11.000000,"Premium"
639.000000,19.000000,6.300000,0.124488,1.072512,41.000000,2,6.000000,1.000000,"Normal"
640.000000,40.000000,9.900000,1.694880,2.265120,36.000000,1,7.000000,17.000000,"Normal"
641.000000,19.000000,4.400000,0.241604,0.594396,41.000000,1,1.000000,16.000000,"Normal"
642.000000,44.000000,5.600000,1.333024,1.130976,53.000000,2,16.000000,28.733398,"Premium"
643.000000,25.000000,11.500000,2.331625,0.543375,31.000000,2,6.000000,5.000000,"Normal"
644.000000,25.000000,2.900000,0.338575,0.386425,28.000000,2,5.000000,6.000000,"Normal"
645.000000,70.000000,12.000000,4.334400,4.065600,48.000000,1,28.000000,25.000000,"Premium"
646.000000,42.000000,3.900000,1.018836,0.619164,23.000000,2,0.000000,1.000000,"Normal"
647.000000,34.000000,6.800000,0.298248,2.013752,31.000000,1,11.000000,6.000000,"Normal"
648.000000,43.000000,4.900000,0.882833,1.224167,27.000000,1,6.000000,6.000000,"Normal"
649.000000,37.000000,1.300000,0.179894,0.301106,43.000000,1,11.000000,17.000000,"Normal"
650.000000,28.000000,18.700000,2.125816,3.110184,29.000000,2,5.000000,7.000000,"Normal"
651.000000,27.000000,6.400000,0.594432,1.133568,53.000000,1,6.000000,7.000000,"Normal"
652.000000,19.000000,13.600000,1.245488,1.338512,38.000000,1,4.000000,9.000000,"Normal"
653.000000,38.000000,8.500000,0.171190,3.058810,30.000000,1,12.000000,10.000000,"Normal"
654.000000,20.000000,9.400000,0.233120,1.646880,28.000000,3,2.000000,0.000000,"Normal"
655.000000,33.000000,30.742272,1.265550,9.459450,36.000000,1,11.000000,2.000000,"Premium"
656.000000,60.000000,2.100000,0.321300,0.938700,48.000000,1,15.000000,5.000000,"Normal"
657.000000,24.000000,6.600000,0.441936,1.142064,31.000000,1,12.000000,9.000000,"Normal"
658.000000,57.000000,10.500000,1.143135,4.841865,35.000000,1,16.000000,10.000000,"Premium"
659.000000,23.000000,12.500000,0.140875,2.734125,50.000000,1,4.000000,4.000000,"Normal"
660.000000,55.000000,15.000000,2.532750,5.717250,42.000000,2,12.000000,9.000000,"Premium"
661.000000,28.000000,7.100000,0.184884,1.803116,40.000000,1,2.000000,3.000000,"Normal"
662.000000,31.000000,0.900000,0.118017,0.160983,37.000000,2,0.000000,13.000000,"Normal"
663.000000,54.000000,2.800000,0.402192,1.109808,31.000000,3,6.000000,8.000000,"Normal"
664.000000,35.000000,8.000000,1.265600,1.534400,38.000000,1,11.000000,13.000000,"Normal"
665.000000,77.000000,10.600000,5.501188,2.660812,35.000000,1,15.000000,1.000000,"Premium"
666.000000,101.000000,5.600000,2.992024,2.663976,44.000000,1,24.000000,10.000000,"Premium"
667.000000,113.000000,13.200000,3.192024,11.723976,44.000000,2,21.000000,14.000000,"Premium"
668.000000,23.000000,0.900000,0.077418,0.129582,33.000000,1,0.000000,12.000000,"Normal"
669.000000,29.000000,4.900000,0.264306,1.156694,35.000000,1,7.000000,14.000000,"Normal"
670.000000,43.000000,13.000000,0.961480,4.628520,36.000000,3,10.000000,4.000000,"Premium"
671.000000,24.000000,6.300000,0.551880,0.960120,23.000000,2,3.000000,4.000000,"Normal"
672.000000,18.000000,12.800000,0.582912,1.721088,27.000000,1,0.000000,7.000000,"Normal"
673.000000,25.500000,1.200000,0.042480,0.197520,34.000000,1,6.000000,1.000000,"Normal"
674.000000,34.000000,11.100000,1.369962,2.404038,35.000000,1,0.000000,5.000000,"Normal"
675.000000,20.000000,3.700000,0.324120,0.415880,24.000000,2,4.000000,4.000000,"Normal"
676.000000,101.000000,6.400000,1.874560,4.589440,48.000000,2,28.362688,8.000000,"Premium"
677.000000,40.000000,11.800000,0.443680,4.276320,26.000000,2,8.000000,1.000000,"Normal"
678.000000,36.000000,2.100000,0.390852,0.365148,40.000000,1,6.000000,9.000000,"Normal"
679.000000,48.000000,9.300000,0.419616,4.044384,34.000000,1,9.000000,8.000000,"Normal"
680.000000,42.000000,3.000000,0.093240,1.166760,35.000000,1,17.000000,4.000000,"Normal"
681.000000,33.000000,25.400000,1.165098,7.216902,30.000000,1,7.000000,2.000000,"Normal"
682.000000,14.000000,9.700000,0.200984,1.157016,20.000000,1,4.000000,0.000000,"Normal"
683.000000,30.000000,11.500000,0.324300,3.125700,36.000000,4,1.000000,17.000000,"Normal"
684.000000,16.000000,6.300000,0.141120,0.866880,21.000000,1,1.000000,1.000000,"Normal"
685.000000,53.000000,10.500000,0.840315,4.724685,34.000000,1,18.000000,10.000000,"Premium"
686.000000,39.000000,16.100000,1.701609,4.577391,35.000000,1,7.000000,5.000000,"Normal"
687.000000,20.000000,7.900000,0.853200,0.726800,35.000000,3,1.000000,4.000000,"Normal"
688.000000,33.000000,10.300000,2.501664,0.897336,34.000000,1,10.000000,1.000000,"Normal"
689.000000,68.000000,10.800000,1.365984,5.978016,33.000000,1,12.000000,12.000000,"Premium"
690.000000,18.000000,10.700000,0.227268,1.698732,30.000000,1,4.000000,2.000000,"Normal"
691.000000,16.000000,7.300000,0.024528,1.143472,24.000000,2,0.000000,5.000000,"Normal"
693.000000,27.500000,28.900000,2.754459,5.048541,31.210426,1,0.000000,26.000000,"Premium"
694.000000,20.000000,4.700000,0.219020,0.720980,22.000000,3,0.000000,2.000000,"Normal"
695.000000,66.000000,12.100000,2.315940,5.670060,48.000000,2,6.000000,1.000000,"Premium"
696.000000,27.000000,4.600000,0.262062,0.979938,36.000000,2,6.000000,15.000000,"Normal"
697.000000,21.000000,11.500000,0.369495,2.045505,29.000000,2,6.000000,4.000000,"Normal"
698.000000,32.000000,7.600000,0.491264,1.940736,33.000000,1,15.000000,3.000000,"Normal"
699.000000,77.000000,8.400000,2.302608,4.165392,45.000000,1,19.000000,22.000000,"Premium"
700.000000,27.500000,14.700000,2.994684,3.473316,37.000000,1,12.000000,14.000000,"Normal"
